scene num,scene name,background image,background music,change image1,change point1,change image2,change point2,change image3,change point3,change image4,change point4,item image1,item image insert point1,item image delete point1,pound effect start point1,pound effect end point1,shake effect start point1,slide effect type,slide effect point1,text sum,text1,text2,text3,text4,text5,text6,text7,text8,text9,text10,text11,text12,text13,option sum,option1,option1 next scene,option2,option2 next scene,option3,option3 next scene
1,,1.jpg,1,1-2.jpg,1,1-3.jpg,11,1-4.jpg,13,,,,-1,-1,-1,-1,-1,-1,-1,13,"한차례 퍼진 '좀비 병'의 유행으로 국가 멸망위기 까지 갔던 대한민국은. 
선진국들의 도움으로 '좀비 바이러스'를 퇴치하고 국가 정상화에 돌입했다.","더 이상의 '좀비병'으로 인한 나라의 멸망을 두고 볼 수 없던 대통령은 
대통령 산하 TF팀 <행복 연구소> 를 설립했다.","『대통령 산하 TF팀 <행복 연구소> 에서는 
국민 여러분의 행복과 안보를 책임질 여러 연구를 하고 있습니다.","여러분들의 건강과 행복을 질병과 바이러스로부터 
지켜드리기 위하여 <행복 연구소> 는 정부 기관 아래 
최첨단 연구 장비와 지식을 겸비하여 꾸준한 연구 및 개발을 진행하고 있습니다.』","하지만 사실. 
이 <행복 연구소> 는 <좀비 바이러스를 이용한 대량 살상 무기>를 개발하는 곳이었고. 
거기서 과학계에서 금지된 인간의 염색체를 이용한 지능 쥐 실험을 하고 있었다.","물론. 극비 사항이었다. 
인간의 염색체와 뇌세포를 이식하여 지능을 높이고 
살상 무기로써 개발을 하던 중. 연구소에서 쥐가 탈출을 하게 된다.","이 사실이 밝혀지면 안되는 정부는. ""좀비 바이러스"" 라고 
질병 코드 000 제로 로 명명하고 전파. 주의보를 내렸으며 <행복 연구소> 에 
'좀비 바이러스 의심자'를 신고하면. 포상금을 주기로 하였다.","좀비 바이러스 의심자'는 좀비화가 진행되는 상태이며 
완전한 좀비는 아니기 때문에 <행복 연구소>로 가서 
치료를 하면 '완전한 인간화'로 완치가 가능하다고 선전 하였다.","그렇기 때문에 모든 시민들은 ""좀비 바이러스"" 증상을 보이는 사람들을 
국가에 신고하여 포상금을 받았다.","하지만 '좀비 바이러스 의심자' 괴담은 유투버 렉카 등을 통해 유투브에 퍼졌고. 
그 내용은 이러했다.","1) '좀비 바이러스 의심자' 들이 <행복 연구소>를 들어가 나온 것을 본 사람이 없다. 
2) 실제 '좀비 바이러스 의심자'들은 연구에 쓰인다. 
3) 가족들에게 이 사실을 발설 시 금액을 다시 회수한다는 조건으로 
몇 십억 대의 금액을 주며 동의서를 받아간다. 는 괴담이었다.","이 '지능 쥐'는 큰 부작용이 있었는데. 
연구소 직원들이 '지능 쥐' 실험을 할 때마다 뇌파 반응을 보기 위하여 
연구실에 K-POP 노래를 계속 틀고 연구를 진행했고. 
그 영향으로 이 '지능 쥐'는 때때로 K-POP 노래에 맞춰 춤을 추는 것이다.","이 쥐에 물리면. 물린 사람도 좀비화가 진행되며 
가끔 춤을 추고 싶은 욕구에 휘말리게 될 가능성도 있다고 한다.",0,,2,,,,
2,,2.jpg,2,,-1,,,,,,,,-1,-1,-1,-1,-1,-1,-1,1,"2031년 5월 13일
오랜만에 여동생을 만나 용산 아이파크 몰에 왔다.
이곳엔 여동생이 가장 좋아하는 키즈카페가 있기 때문이다.",,,,,,,,,,,,,0,,3,,,,
3,,3.jpg,2,,-1,,,,,,,,-1,-1,-1,-1,-1,-1,-1,1,"동생이 키즈카페에서 만난 친구들과 노는 것을 확인한 후.
담배를 피러 용산 아이파크 몰 옥상으로 올라갔다.",,,,,,,,,,,,,0,,4,,,,
4,,3.jpg,14,3-1.jpg,1,4.jpg,2,6.jpg,5,,,,-1,-1,-1,-1,-1,-1,-1,7,나는 이곳에서 이상한 행동을 하는 쥐를 보게 되었다.,"""뭐지 이 쥐? 막 춤추네?.. 꿈..꿈인가..?""","눈 앞에서 쥐가 K-pop 댄스를 추고 있는 것을 본 나는
바로 주머니에 있던 스마트폰을 꺼냈다.
그리곤 이상한 쥐의 댄스 영상을 찍고 있었는데..","""찍???""","쥐가 나를 보며 울음소리를 내더니 두다리로 섰다.
???? 직립보행을 한다고 ????....
놀라움도 잠시..
갑자기 쥐의 눈이 빨개지며 앞다리에 근육이 생겼는데...","""...?""",나는 당황스러워 어떤 행동을 해야 할 지 고민 중이었다.,,,,,,,2,쥐를 때린다,120,당장 도망간다.,6,,
5,,,2,,-1,,,,,,,,-1,-1,-1,-1,-1,-1,-1,8,"""어?!!!""",쥐를 때리려고 너무 낮게 숙이다가 넘어졌다.,"""찍!""","""어?!""",그러자 쥐는 넘어진 나를 향해 빠르게 달려와 오른쪽 귀를 물어 뜯었다.,"""아악!!!!!!""",오른쪽 귀에서 말로 표현할 수 없는 고통이 느껴졌다..,나는 무엇을 해야 할까?,,,,,,1,에이 이 정도야 뭐 쥐 구경이나 다시 하자,7,,,,
6,,4.jpg,2,6.jpg,3,6-2.jpg,11,2.jpg,13,,,,-1,-1,-1,-1,-1,-1,-1,13,"나는 쥐의 이상행동을 보고 바로 도망가려 했다.
하지만..","""찍?!!!""",쥐가 화난 눈으로 날 바라봤다. 일단 도망가야 한다!!!,철그럭! 철그럭!!!,“문이… 왜 안 열리지..?”,"나는 문을 계속 열려고 했지만 문이.. 열리지 않았다.
잠시 후..","""찍!!!""",쥐의 찍 소리를 듣고 뒤를 돌아 쥐를 바라보자 쥐의 눈이 점점 더 빨개지고 있었다.,"""찍?!"" 
파바박!!",결국 쥐는 직립보행으로 나에게 달려와 오른쪽 발목을 물었다.,"""아악!!!!!!!!!!!!!!!!!!""","""찍-!""",나는 물리자마자 바로 오른 다리를 휘둘러 쥐를 날려버렸다.,3,쥐와 싸운다.,8,병원에 간다.,9,흡연 다 했으니 동생에게 가자,10
7,,,2,,-1,,,,,,,,-1,-1,-1,-1,-1,-1,-1,4,"에이 이정도야 뭐 쥐 구경이나 다시 하자 라고 생각한 나는 쥐를 다시 쳐다봤다.
하지만 쥐는 자신의 목적을 달성했다고 느꼈는지 옥상에 있던 환풍구로 돌아갔다.","“에이.. 조금 더 구경하고 싶었는데..”라고 생각하며 무심코 주머니에 손을 넣었는데
주머니 안에 초콜릿과 쪽지가 적혀 있었다.",『오빠! 놀랬지?! 오늘 밸런타인데이래~! 마싯게 먹엉 쪽!』,"그러고보니 오늘이 밸런타인데이였지... 우리 이쁜 연이...
나는 감동에 젖어 빨리 연이를 보고 싶다는 마음으로 7층으로 내려 갔다.",,,,,,,,,,0,,11,,,,
8,,8.jpg,2,,-1,,,,,,,,-1,-1,-1,-1,-1,-1,-1,1,"딱히 물렸을 때 엄청 강한 힘을 쓴 것도 아니었는데 쥐가 날라 간 것에.
어쩌면 이길 수 있겠다는 생각이 들어 쥐와 싸우기로 결정했다!",,,,,,,,,,,,,2,정말 싸운다!!!,14,머리속의 경고등이 울린다. 망설인다.,15,,
9,,9.jpg,7,9-2.jpg,3,9-3.jpg,4,,,,,,-1,-1,-1,-1,-1,-1,-1,3,병원에 도착하자 오른 발목의 상태를 본 의사는..,"“좀비에게 물리신 거 같은데요..?""","라고 말하며 잠시 뒤로 물러나더니 벨을 눌렀다.
그러자..",경찰과 연구소 복장을 한 연구원들이 나에게 다가와 연구소로 끌고 갔다.,,,,,,,,,,1,game over(연구소 엔딩),121,,,,
10,,3.jpg,2,,-1,,,,,,,,-1,-1,-1,-1,-1,-1,-1,1,"흡연 다 했으니 동생에게 가자 라고 생각한 나는 곧바로 오른쪽 발목을 한번 보았다.
혹시나 나한테 생긴 이런 일이 어린 자신의 동생한테도 일어났을까 걱정하며 빠르게 7층으로 향했다.",,,,,,,,,,,,,0,,21,,,,
11,,,8,,-1,,,,,,,,-1,-1,-1,-1,-1,-1,-1,6,"쥐를 때리려다 귀를 물리고 7층에 도착한 나는 방금 만난 쥐가 보통 쥐가 아니라는 것을 깨닫고
7층 전자 코너에 틀어져 있는 뉴스에 집중했다. 그러자 뉴스에서는..","""안녕하십니까 mbc 뉴스입니다.
오늘 용산 국방부 기지 안에 있는 국가 협력 기관 <행복 연구소>에서 실험 쥐가 탈출했다는 소식입니다.
연구진들이 미래 질병 바이러스에 대해 연구하던 중 이 실험 쥐가 탈출하였으나. 아직 행방을 찾지 못하고 있습니다.","공격성이 강하여 물릴 위험이 있으니. 국민 여러분들께서는 이 쥐를 보는 즉시 5533-1422로 신고하시고.
가까이 가지 마시기 바랍니다.” 라는 방송이 나왔다.",“..젠장.. 그 쥐가.. 실험 쥐였던 거였어..? 그럼 나는..?”,조금씩 눈앞이 흐려지고 있었다.,나는 무엇을 선택해야 할까?,,,,,,,,2,6층으로 내려간다.,12,"솔직히 어떤 선택을 해야 할 지 
모르겠다.",13,,
12,,,3,,-1,,,,,,,,-1,-1,-1,-1,-1,-1,-1,6,"""빨..리 동생에게 가야 해.. 내가 전할 말이 있어..”
나는 곧바로 계단을 통해 6층으로 내려갔다.","6층에 도착하니 귀가 잘 안 들리기 시작했다.
분명 영화 소리나 게임 소리 혹은 사람들이 북적이고.
수다 떠는 소리에 시끄러워야 할 장소인데..","“..안 돼 아직은.. 조금 더 빨리 가자..” 라고 혼잣말을 할 때였다.
갑자기 다가온 어떤 사람이 나에게","“어이 혹시 나에게 DDR을 배워 볼 생각 없나~? 나 이래 봬도 여기 CGV DDR 랭킹 1위야~ㅋ
특별히 알려주고 싶은데? 대신 초콜릿 하나만 줘 yo~!”","굉장히 사람에게 말을 잘 거는 외향적인 사람 같았다.
아니면.. 그냥.. '호구 잡힌 건가?' 라고 생각하던 중",나는..,,,,,,,,2,DDR을 배운다.,16,DDR을 안 배운다.,17,,
13,,,,,-1,,,,,,,,-1,-1,-1,-1,-1,-1,-1,1,처음으로 돌아간다.,,,,,,,,,,,,,0,,4,,,,
14,,14.jpg,7,,-1,,,,,,,,-1,-1,-1,-1,-1,-1,-1,1,쥐한테 덤볐다가 죽었다....,,,,,,,,,,,,,1,game over(쥐한테 죽음),122,,,,
15,,8.jpg,13,6.jpg,2,3.jpg,6,,,,,,-1,-1,-1,-1,-1,-1,-1,6,"망설이던 중..갑자기 들리는 음악소리.. 
둠칫!둠칫!흥겨운 노랫소리가 들린다.","그리고 시작된 댄스 배틀!
나도 모르게 들썩이며 음악에 몸을 흔들었다.
선공은 이상한 쥐였다!",“yo ! 너는 나보다 약해 ! 그러니 댄스로 승부해주지~”,"나는 나의 귀를 의심했다. 
쥐가 말을 하다니..?.......",“나를 무시하는 거냐?? 얼른 댄스를..”,푹!!!!!,,,,,,,,0,,18,,,,
16,,16.jpg,3,16-1.jpg,1,16-2.jpg,2,,,,,,-1,-1,-1,-1,-1,-1,-1,3,"7층 전자코너 바닥에 떨어져 있던 초콜릿을 주웠던 기억이 문득 났기에
'배워두면 괜찮겠지' 라고 생각해 초콜릿을 주고 DDR을 배웠다.
DDR을 배우고 난 후 나의 논리 사고는 점점 저하되고 있었다.","아무래도 시간이 지날수록 정신이 희미해지는 것 같다고 느낀 나는
이러다 동생을 만나러 가기 전에 정신을 잃어 아이파크몰에서 떠돌거나
동생을 만나도 할 말을 못 전할 것 같았다.",그래서 나는..,,,,,,,,,,,2,벽에 머리를 박는다.,19,5층으로 내려간다.,20,,
17,,,3,,-1,,,,,,,,-1,-1,-1,-1,-1,-1,-1,2,"나는개소리를 지껄이는 자칭 CGV DDR 랭커라는 사람에게 혐오감을 느껴
오른 주먹으로 이 사람의 안면부를 때리려 했다. 하지만..
“어이 나의 날쎈발을 잘보라고-! 나 이래뵈도 랭킹 1위야~ㅋ""라고 말하며 나의 공격을 가뿐하게 피했다.
그리고 나는...",이 랭커에게 맞아죽는다..,,,,,,,,,,,,1,game over(DDR),123,,,,
18,,2.jpg,2,18.jpg,2,3.jpg,3,18-2.jpg,6,3.jpg,7,,-1,-1,-1,-1,-1,-1,-1,7,나는 춤을 추다 스텝이 꼬여 나도 모르게 쥐를 밟아버렸다.,"""찍!!!!!!""",쥐가 죽었다...나는 이상했지만.. 무서웠던 쥐가 너무 허무하게 죽은 것에 조금 어안이 벙벙해졌다.,“이렇게 쉬웠다니.. 댄스가 취약점이었구나....”,무심코 주머니에 손을 넣었는데. 주머니 안에 초콜릿과 쪽지가 적혀 있었다.,『오빠! 놀랬지?! 오늘 밸런타인데이래~! 마싯게 먹엉 쪽!』,"그러고 보니 오늘이 밸런타인데이였지... 우리 이쁜 연이...
나는 감동에 젖어 빨리 연이를 보고 싶다는 마음으로 7층으로 향했다.",,,,,,,0,,21,,,,
19,,,7,,-1,,,,,,,,-1,-1,-1,-1,-1,-1,-1,1,"나의 논리 사고는 점점 저하되고 있었다.
아무래도 시간이 지날수록 정신이 희미해지는 것 같은 느낌에 정신을 차릴려고 벽에 머리를 박았다.",,,,,,,,,,,,,1,game over(머리 깨진 좀비),124,,,,
20,,,9,,-1,,,,,,,,-1,-1,-1,-1,-1,-1,-1,5,나는 곧바로 5층으로 향하려 했지만 계단 위에서 누군가 내려오는 소리가 들렸다.,쿵... 쿵..,＂사람 맞나..?”,"나는 지금 들리는 발소리가 보통 사람의 발소리가 아닌 것 같다는 생각에 귀를 계속 기울였다.
그리고.. 잠시 후 헤리포터의 헤그리드를 닮은 아저씨가 쿵쿵 소리를 내며 계단을 내려오고 있었다.
‘어? 거인..???’이라고 속으로 생각하며 내려오는 헤그리드 닮은 아저씨를 계속 쳐다보았다.
그러자 그는.",“뭐야 딱 봐도 배고파 보이네? 이거 먹을래?”,,,,,,,,,2,생닭을 먹는다.,22,헤드리드 닮은 아저씨를 먹는다.,23,,
21,,21.jpg,8,21-2.jpg,2,,,,,,,,-1,-1,-1,-1,-1,-1,-1,6,"7층에 도착한 나는 방금 만난 쥐가 보통 쥐가 아니라는 것을 깨닫고
7층 전자 코너에 틀어져 있는 뉴스에 집중했다.
그러자 뉴스에서는..","""안녕하십니까 mbc 뉴스입니다.
오늘 용산 국방부 기지 안에 있는 국가 협력 기관 <행복 연구소>에서 실험 쥐가 탈출했다는 소식입니다.
연구진들이 미래 질병 바이러스에 대해 연구하던 중 이 실험 쥐가 탈출하였으나. 아직 행방을 찾지 못하고 있습니다.","공격성이 강하여 물릴 위험이 있으니. 국민 여러분들께서는 이 쥐를 보는 즉시 5533-1422로 신고하시고.
가까이 가지 마시기 바랍니다.” 라는 방송이 나왔다.",“..젠장.. 그 쥐가.. 실험 쥐였던 거였어..? 그럼 나는..?”,조금씩 눈앞이 흐려지고 있었다. 나는 무엇을 선택해야 할까? 라고 생각하던 중,갑자기 떠오른 좋은 생각!,,,,,,,,2,서점에 가자.,24,전자제품 매장을 조금 더 돌아다녀 보자.,25,,
22,,,8,,-1,,,,,,,,-1,-1,-1,-1,-1,-1,-1,6,"생닭을 마저 먹고 다시 아래 층으로 내려 가야겠다고 생각한 나는
허기짐이 약간 해소됐다는 것을 느낄 수 있었다.",“생! 닭! 먹! 고! 싶! 다!”,그 아저씨를 살려 보낸 나는. 생닭이라도 빨리 먹고 싶어했다.,“근데 왜 생닭이지..?”,"나는 점점 내가 정신적으로 이상해지고 있다고 느꼈다.
평소에 먹지도 않았던 생닭을.. 먹다니..",“… 얼른.. 동생에게 가야겠다..”,,,,,,,,1,5층으로 이동,26,,,,
23,,,8,,-1,,,,,,,,-1,-1,-1,-1,-1,-1,-1,3,나는 헤그리드 닮은 아저씨가 내민 생닭을 가만히 보며 침을 질질 흘리고 있었다..,“오.. 뭐야 진짜 엄청 배고팠나 봐? 당장이라도 씹어 먹겠는데?”,하지만 나는 좀비화가 진행되는 중이었기에 갑작스런 호의는 너무 의심스러웠다.,,,,,,,,,,,0,,27,,,,
24,,24.jpg,8,,-1,,,,,,,,-1,-1,-1,-1,-1,-1,-1,2,"나는 서점으로 향했다.
서점으로 들어가 보니 대형 쇼핑몰이라 그런지 정말 많은 책들이 카테고리 별로 분류돼 있었다.",나는 수많은 책들 중 어느 책을 읽어야 할까?,,,,,,,,,,,,3,<연애 잘하는 법> <사람을 화나게 하는 법>,28,<알아두면 쓸모없는 잡학사전> <천재들만 보는 책>,29,<좀비에 대한 모든 것> <웅변 나도 말 잘할 수 있어!>,30
25,,25.jpg,8,,-1,,,,,,,,-1,-1,-1,-1,-1,-1,-1,1,어디로 갈까?,,,,,,,,,,,,,2,다이슨 매장,31,삼성전자 매장,32,,
26,,,8,,-1,,,,,,,,-1,-1,-1,-1,-1,-1,-1,3,5층에 도착하자 어떤 아저씨가 계단을 막고 있었다.,"""여기 시설공사 중이에요. 에스컬레이터를 이용하시거나 엘리베이터를 사용해주세요“",나는..,,,,,,,,,,,2,에스컬레이터로 내려가자.,33,어쩌라는 거야 그냥 내려갈래.,34,,
27,,,8,,-1,,,,,,,,-1,-1,-1,-1,-1,-1,-1,1,"의심하던 차..
헤그리드 닮은 아저씨의 시선이 느껴졌다. 그리고...",헉..!,나는 그 아저씨한테 맞아 죽고 말았다.,,,,,,,,,,,1,game over(헤그리드 닮은 아저씨에게 죽음),125,,,,
28,,28.jpg,8,,-1,,,,,,,,-1,-1,-1,-1,-1,-1,-1,2,"이거 읽어서 뭐하실려고요? 솔로에요?
아.. 그럼 인정..... 그런데 여기엔 별 내용 없어요.
사람을 화나게 하는 화법만 있을뿐..","아.. 화내지 마세요. 그러니깐 사람을 화나게 하는 화법은
총 세가지가 있는데 첫째는 말을 하다마는 것이고
둘째는 계속 왜?라고만 물어보는 것 그리고 세번째는…",,,,,,,,,,,,0,,24,,,,
29,,29.jpg,8,,-1,,,,,,,,-1,-1,-1,-1,-1,-1,-1,2,"《알아두면 쓸모없는 잡학사전》
『이 세계관엔 좀비가 거의 전무하다.
주인공 이름은 기백이다. 주인공 동생의 이름은 기연이다.』","《천재들만 보는 책》
『천재들은 이런 책 안 본다.. 이미 자기가 천재인 줄 알기 때문..』",,,,,,,,,,,,0,,24,,,,
30,,30.jpg,8,,-1,,,,,,,,-1,-1,-1,-1,-1,-1,-1,3,《좀비에 대한 모든 것》이라는 책과 《웅변 나도 말 잘할 수 있어!》라는 책을 골라 읽었다.,"《좀비에 대한 모든 것》
『좀비 연구소 이대로 괜찮은가?
사실 좀비 연구소는 좀비를 인간화 시키지 않고 자발적으로 연구소에 온 좀비들 대상으로 실험을 하는 것 같다.","근거로는 지금까지 좀비 연구소에 간 수많은 좀비들 중 인간으로 돌아온 좀비가 없다는 사실이다.
자신의 말을 끝까지 일리 있게 전달 하려면... 저자는 코끼리에게도 하고 싶은 말을 전달할 수 있다.』",,,,,,,,,,,0,,35,,,,
31,,31.jpg,8,,-1,,,,,,,,-1,-1,-1,-1,-1,-1,-1,2,"다이슨 매장으로 들어왔다. 내 쪽으로 제품 소개를 하기 위해 오는 직원이 보인다.
내가 들키지 않고 1층까지 내려가려면.. 무엇이 필요할까?..열심히 생각을 했다..","가장 중요한 건 다른 인간들과 같아야 한다는 것..
우선 시험을 해보자.. 부패가 시작됐다면..
이 직원은 나에게 오자마자 부패가 시작된 내 냄새 때문에 인상을 찡그릴 것이다..!",,,,,,,,,,,,1,점원의 표정을 확인한다.,36,,,,
32,,32.jpg,8,,-1,,,,,,,,-1,-1,-1,-1,-1,-1,-1,2,"삼성전자 매장으로 들어왔다. 내 쪽으로 제품 소개를 하기 위해 오는 직원이 보인다.
내가 들키지 않고 1층까지 내려가려면.. 무엇이 필요할까?..열심히 생각을 했다..","가장 중요한 건 다른 인간들과 같아야 한다는 것..
우선 시험을 해보자.. 부패가 시작됐다면..
이 직원은 나에게 오자마자 부패가 시작된 내 냄새 때문에 인상을 찡그릴 것이다..!",,,,,,,,,,,,1,점원의 표정을 확인한다.,36,,,,
33,,,8,,-1,,,,,,,,-1,-1,-1,-1,-1,-1,-1,3,"얼른 동생에게 가야 했기에 순간 아저씨를 죽이고 내려가야 되나? 고민을 했지만..
‘그럼 나는 살인자로.. 동생을 만나게 되겠지?‘라는 생각에 
아무리 바쁘더라도 에스컬레이터를 찾아 내려가기로 결심했다.","나는 최대한 에스컬레이터가 보이는 곳으로 빠르게 달려갔다.
에스컬레이터에 도착하니. 에스컬레이터 앞에서 왠 아줌마들이 수다를 떨며 길을 막고 있었다.",나는 어떻게 해야 할까..?,,,,,,,,,,,2,기다린다,37,아줌마들을 죽인다.,38,,
34,,,7,,-1,,,,,,,,-1,-1,-1,-1,-1,-1,-1,1,"나는 아저씨의 말을 무시한 채 공사중인 계단을 이용했다.
바닥에 칠해져있는 페인트로 인해 미끌어져서 넘어지고 말았고
그대로 데굴데굴 구르다 부패가 진행된 머리가 떨어지고 말았다.",,,,,,,,,,,,,1,game over(머리 깨진 좀비),124,,,,
35,,35.jpg,8,,-1,,,,,,,,-1,-1,-1,-1,-1,-1,-1,1,"나는 새로운 지식들을 얻고 계단으로 이동하던 중 전자코너 바닥에 떨어져 있던 초콜릿을 발견했다. 
《좀비에 대한 모든 것》에 좀비는 초콜릿을 먹을 수 없다는 내용이 있어 줍고 싶지는 않았지만.
혹시 쓰일 때가 있을지도 모르니 초콜릿을 주운 후. 6층으로 내려갔다.",,,,,,,,,,,,,0,,39,,,,
36,,36.jpg,8,,-1,,,,,,,,-1,-1,-1,-1,-1,-1,-1,2,"아뿔싸..!!!...
점원이 내 근처로 오다가 인상을 찡그리며 코를 막았다.
생각보다 빠르게 좀비화가 진행되는 것 같다..","그렇다면 시간이 없다. 우선 향수로 냄새를 가린 후. 동생에게 가야한다.
향수를 구하기 위해 우선 2층으로 내려가자..!",,,,,,,,,,,,1,에스컬레이터로 내려가자,40,,,,
37,,,8,,-1,,,,,,,,-1,-1,-1,-1,-1,-1,-1,6,’나의 인내심을... 시험하지..마..제..발..‘,"나는 정말 화가 머리 끝까지 날 것 같았다..
점점 인내심이 떨어지는게 느껴졌다.
나의 몸은 점점 부패하여 떨어지고 있었고. 
당장 눈앞에 아줌마들을 죽이고 4층으로 내려가고 싶었다.","하지만 나는 동생을 생각하며 참고 참았다..
시간이 5분 정도 흐르자. 아줌마들은 어디론가 이동했고.
나는 정말 급하게 에스컬레이터를 뛰어 내려갔다.
4층에 도착하니 머릿속에서 자꾸 피를 먹으라는 듯한 음성이 들려왔다.",‘피를..먹어라.. 피를 먹어야 한다..사람의..피를.. 너가.. 살려면..’,이 말이 계속 머릿속에서 맴돌고 있었다.,나는 이 말을 따라야 할까?,,,,,,,,2,앞에 헌혈센터가 있다. 헌혈센터를 들리자.,41,내가 왜?,42,,
38,,,7,,-1,,,,,,,,-1,-1,-1,-1,-1,-1,-1,5,"좀비 바이러스를 한번 겪어본 아줌마들은 나를 두려워 하지 않았다.
아니.. 아줌마들은 오히려 강했다...",퍽! 퍽!,"""어딜 그런 비실한 몸으로? 우리한테 덤벼?""",퍼버벅 퍽!,"좀비의 약점을 잘 알고 있었다..
머리를 집중적으로 맞은 나는..
머리가 터져서 죽었다.",,,,,,,,,1,game over(머리 깨진 좀비),124,,,,
39,,39.jpg,3,,-1,,,,,,,,-1,-1,-1,-1,-1,-1,-1,6,"""빨..리 동생에게 가야 해.. 내가 전할 말이 있어..”
나는 곧바로 계단을 통해 6층으로 내려갔다.
6층에 도착하니 귀가 잘 안 들리기 시작했다.","분명 영화 소리나 게임 소리 혹은 사람들이 북적이고. 
수다 떠는 소리에 시끄러워야 할 장소인데.. 
“..안 돼 아직은.. 조금 더 빨리 가자..” 라고 혼잣말을 할 때였다. ", 갑자기 다가온 어떤 사람이 나에게,"“어이 혹시 나에게 DDR을 배워 볼 생각 없나~? 나 이래봬도 여기 CGV DDR 랭킹 1위야~ㅋ 
특별히 알려주고 싶은데? 대신 초콜릿 하나만 줘 yo~!”","굉장히 사람에게 말을 잘 거는 외향적인 사람 같았다. 
아니면.. 그냥.. '호구 잡힌 건가?' 라고 생각하던 중",나는..,,,,,,,,2,DDR을 배운다.,43,DDR을 안 배운다.,44,,
40,,40.jpg,8,,-1,,,,,,,,-1,-1,-1,-1,-1,-1,-1,2,"나는 최대한 달려 에스컬레이터가 보이는 곳으로 달려갔다.
에스컬레이터에 도착하니. 에스컬레이터 앞에서 
왠 아줌마들이 수다를 떨며 길을 막고 있었다.",나는 어떻게 해야 할까..?,,,,,,,,,,,,2,기다린다.,45,아줌마들을 죽인다.,46,,
41,,,8,,-1,,,,,,,,-1,-1,-1,-1,3,-1,-1,3,"그래서 나는.. 결국 멋대로 헌혈센터에 들어가 보이는 
헌혈 팩 중 하나를 훔쳐 달아났다. DDR을 배웠던 덕인가?
나는 날쎄게 헌혈팩을 훔칠수 있었다.","그리고 계단으로 이동하여 몰래 헌혈 팩에 든 피를 조금씩 마셨다.
피를 조금씩 마시자 정신이 조금 맑아지는 것을 느낀 나는..","사람의 피를 마셨다는 것에 구역질을 했다. 
그러자 바닥에 보이는 검붉은 피.. 
‘나는.. 점점 좀비가 되어가고 있는 건가.. 얼른 동생에게 가야겠다. ' 라고 생각했다. 
독하게 정신을 유지하며 동생이 있을 1층으로 가기 위해 3층으로 이동했다.",,,,,,,,,,,0,,119,,,,
42,,,8,,-1,,,,,,,,-1,-1,-1,-1,-1,-1,-1,1,"나는 머릿속에서 울리는 경고를 무시하고 이동하다가 피토를 하게 되었다.
바닥에 보이는 검붉은 피.. 
‘나는.. 죽어가고 있는 건가..얼른 동생에게 가야겠다.' 라고 생각하며 독하게 정신을 유지했다. 
동생이 있을 1층으로 가기 위해 3층으로 이동했다.",,,,,,,,,,,,,0,,120,,,,
43,,43.jpg,3,,-1,,,,,,,,-1,-1,-1,-1,-1,-1,-1,3,"7층 전자코너 바닥에 떨어져 있던 초콜릿을 주웠던 기억이 문득 났기에
'배워두면 괜찮겠지' 라고 생각해 초콜릿을 주고 DDR을 배웠다.
DDR을 배우고 난 후 나의 논리 사고는 점점 저하되고 있었다.","아무래도 시간이 지날수록 정신이 희미해지는 것 같다고 느낀 나는
이러다 동생을 만나러 가기 전에 정신을 잃어 아이파크몰에서 떠돌거나
동생을 만나도 할 말을 못 전할 것 같았다.",그래서 나는..,,,,,,,,,,,2,벽에 머리를 박는다.,122,5층으로 내려간다.,48,,
44,,44.jpg,3,,-1,,,,,,,,-1,-1,-1,-1,-1,-1,-1,2,"나는 개소리를 지껄이는 자칭 CGV DDR 랭커라는 사람에게
혐오감을 느껴 오른 주먹으로 이 사람의 안면부를 때리려 했다.
하지만..","""어이 나의 날쎈발을 잘보라고-! 나 이래 봬도 랭킹 1위야~ㅋ""라고 말하며
나의 공격을 가뿐하게 피했다.
그리고 나는...
이 랭커에게 맞아죽는다..",,,,,,,,,,,,1,game over(ddr 랭커에게 죽음),123,,,,
45,,45.jpg,8,,-1,,,,,,,,-1,-1,-1,-1,-1,-1,-1,5,"기다리자. 나는 인간이다.
갑자기 화가 미친 듯이 솟구쳐 오르는 게 주체가 안됐다. 나는",이렇게 좀비가 되는 거구나...연이를 생각해..참...자..’,"속으로 '참을 인' 세 번만 외치고 2층으로 내려갔다. 
내 정신은 아직.. 멀쩡했다.... 
이때.. 화장품 가게의 직원이 말을 걸어왔다.","“안녕하세요~ 저희 지금 메이크업 해드리는 이벤트 중이에요!
메이크업 받으시면 향수 샘플도 드립니다! 받아보고 가세요~!”",나는 어떻게 해야 할까?,,,,,,,,,2,앞에 있는 직원을 물어뜯는다.,49,메이크업을 받는다.,50,,
46,,46.jpg,10,,-1,,,,,,,,-1,-1,-1,-1,-1,-1,-1,1,"아줌마들을 물어 뜯자마자 
주변 손님들이 소리를 지르며 신고 전화를 하기 시작했다.
나는 좀비 바이러스 의심자인 것이 발각 되었다.",,,,,,,,,,,,,1,game over(아줌마 물어뜯음),126,,,,
47,,47.jpg,8,,-1,,,,,,,,-1,-1,-1,-1,-1,-1,-1,3,"3층에 도착하자 시야가 많이 흐려졌는데.. 
이때 한 여성이 다가와 나에게 말을 걸었다.","“으... 저기요... 썩은 내가 저쪽까지 풍겨요.. 제발 이런 곳 오실 때는 좀 씻고 오세요..
으..아니면 아래층에서 향수라도 뿌리던가..”라고 말한 후
계단을 통해 4층으로 이동하는 여성을 보며 순간 알 수 없는 화가 치밀어 올랐다.",저 여성을 죽일까?,,,,,,,,,,,2,죽여버리자.,51,안돼 넌 인간이야 참자,52,,
48,,48.jpg,8,,-1,,,,,,,,-1,-1,-1,-1,-1,-1,-1,5,나는 곧바로 5층으로 향하려 했지만 계단 위에서 누군가 내려오는 소리가 들렸다.,쿵... 쿵..,＂사람 맞나..?”,"보통 사람의 발소리가 아닌 것 같다는 생각에 귀를 계속 기울였다. 
그리고.. 잠시 후
헤리포터의 헤그리드를 닮은 아저씨가 쿵쿵 소리를 내며 계단을 내려오고 있었다. 
‘어? 거인..???’ 이라고 속으로 생각하며 그냥 멍하니 쳐다보고 있었다. 그러자",“뭐야 딱 봐도 배고파 보이네? 이거 먹을래?”,,,,,,,,,0,,53,,,,
49,,49.jpg,10,,-1,,,,,,,,-1,-1,-1,-1,-1,-1,-1,1,"직원을 물어 뜯자마자 주변 손님들이 소리를 지르며 신고 전화를 하기 시작했다.
나는 좀비 바이러스 의심자인 것이 발각 되었다.",,,,,,,,,,,,,1,game over(연구소 엔딩),121,,,,
50,,50.jpg,8,,-1,,,,,,,,-1,-1,-1,-1,-1,-1,-1,7,"메이크업 덕분에 부패되어가는 피부가 가려지고
입술에 색이 생기며 다른 사람들처럼 혈색이 생겼다. 
메이크업을 받던 도중. 직원은 나의 썩은 내가 너무 심했는지",“혹시 향수 뿌려드릴까요?”,그래서 나는,“ㄴ..ㅔ”,나의 언어능력이 점점 떨어지고 있는 것 같았다.,‘이러다가는..동생을.. 만나도.. 말을.. 못 전하겠..는..데’,"나는 얼른 1층에 있을 동생을 만나러 가기 위해 
향수 샘플을 주는 직원에게 향수를 받고 
급하게 허리를 꾸벅 숙이며 감사 인사를 했다.. 
그런데..정신이 희미해진다....",,,,,,,1,암전된 검은화면 - 다음을 누른다.,54,,,,
51,,51.jpg,7,,-1,,,,,,,,-1,-1,-1,-1,-1,-1,-1,1,"나는 여성을 물어 죽이려 했다. 하지만..
내가 다가가기도 전에 날라온 여성의 뒷발차기가 더 빨랐다..
발차기로 맞고 쓰러진 나는 저기 멀리서 경찰과 연구원이.. 오는 것이 보였다..
얼른 일어나야 했지만.. 일어날 수가 없다..",,,,,,,,,,,,,1,game over(여성의 뒤돌려 차기),128,,,,
52,,52.jpg,8,,-1,,,,,,,,-1,-1,-1,-1,-1,-1,-1,4,"하지만 자신의 분노 때문에 여성을 살인하여 살인자가 됐을 때
동생에게 어떠한 해를 끼칠까 걱정되어
‘참...자..’라고 속으로 세 번만 외치고 2층으로 내려갔다.
아직은 정신이 멀쩡한 것 같았다..","2층에 도착하자 방금 전 여성이 말했던 향수가 떠올라 
동생을 만나기 전 몸 냄새를 어느 정도 지워야겠다고 생각한 나는
뷰티코너에 있는 화장품 가게에 가서 향수를 하나 구매하려고 했다. 
이때.. 화장품 가게의 직원이 말을 걸어왔다.","“안녕하세요~ 저희 지금 메이크업 해드리는 이벤트중이에요!
메이크업 받으시면 향수 샘플도 드립니다! 받아보고 가세요~!”",나는 어떻게 해야 할까?,,,,,,,,,,2,앞에 있는 직원을 물어뜯는다.,55,메이크업을 받는다.,56,,
53,,53.jpg,8,,-1,,,,,,,,-1,-1,-1,-1,-1,-1,-1,5,"맛있겠다...
나는 헤그리드 닮은 아저씨가 내민 생닭을 가만히 보며 침을 질질 흘리고 있었다..",“오.. 뭐야 진짜 엄청 배고팠나 봐? 당장이라도 씹어먹겠..”,우걱우걱,“어..? 어.. 그래 맛있게 먹어..” 라고 말하며 헤그리드를 닮은 아저씨는 어디론가 급히 달려갔다.,나는 어떻게 행동할까?,,,,,,,,,3,그 아저씨를 쫓아가 죽인다.,57,그 아저씨를 쫓아가 물어뜯는다.,58,생닭을 마저 먹고 다시 아래층으로 내려간다.,59
54,,54.jpg,17,,-1,,,,,,,,-1,-1,8,9,-1,-1,-1,9,‘...’,시간이 얼마나 지났을까?,“이봐 자네! 혹시 좀비인가?”,"나는 목소리가 들려오는 쪽으로 고개를 돌렸다.
그러자 보이는 오른쪽 눈이 탁해진 할아버지가 보였다.",“말을 못하게 된 건가.. 어느 정도 진행된 거 지?”,할아버지는 나를 계속 쳐다봤다 그리고..,“후.. 그래도 아직 나를 안 무는 것을 보면 다행히 살인은 아직 안한 거 같고 가능성은 있겠어..”,"그리고 나서 어떤 주사기를 나에게 꽂았다. 
할아버지의 누르는 힘이 주사기 너머로 느껴지는 것 같았다. 
잠시 후 나는 점점 정신이 돌아왔다.",그리고..,,,,,2,감사 인사를 한다.,60,할아버지를 물어뜯는다.,61,,
55,,55.jpg,10,,-1,,,,,,,,-1,-1,-1,-1,-1,-1,-1,1,"직원을 물어 뜯자마자 주변 손님들이 소리를 지르며 신고 전화를 하기 시작했다.
나는 좀비 바이러스 의심자인 것이 발각 되었다.",,,,,,,,,,,,,1,game over(연구소 엔딩),121,,,,
56,,56.jpg,8,,-1,,,,,,,,-1,-1,-1,-1,-1,,7,8,"메이크업 덕분에 부패되어가는 피부가 가려지고
입술에 색이 생기며 다른 사람들처럼 혈색이 생겼다. 
메이크업을 받던 도중. 직원은 나의 썩은 내가 너무 심했는지",“혹시 향수 뿌려드릴까요?”,그래서 나는,“ㄴ..ㅔ”,나의 언어능력이 점점 떨어지고 있는 것 같았다.,‘이러다가는..동생을.. 만나도.. 말을.. 못 전하겠..는..데’,"나는 얼른 1층에 있을 동생을 만나러 가기 위해 향수 샘플을 주는 직원에게
향수를 받고 급하게 허리를 꾸벅 숙이며 감사인사를 하는데..
오른쪽 눈이 떨어졌다..!",바닥에 떨어진 나의 오른쪽 눈을 본 직원은 비명을 질렀다.,,,,,,2,바로 도망간다.,62,이렇게 된 거 싹 물어서 감염시키자!,63,,
57,,57.jpg,7,,-1,,,,,,,,-1,-1,-1,-1,-1,-1,-1,1,"결국 식욕을 참지 못한 나는 그 아저씨를 쫓아가 죽이고 잡아먹었다…
나는 인간으로서 해서는 안 될 살인과 사람을 잡아 먹는 짓을 했기에.. 
더 이상 인간으로서 살 수는 없을 것 같다..",,,,,,,,,,,,,1,game over(자살 엔딩),129,,,,
58,,58.jpg,7,,-1,,,,,,,,-1,-1,-1,-1,-1,-1,-1,1,"나는 결국 식욕을 참지 못하고 그 아저씨를 쫒아가서 팔을 물어 뜯었다.
바로 살인을 하지는 않았지만 결국 나는 살인을 하게 된 것이다.
더 이상.. 동생에게 갈 수가 없다…
잠시후 그 아저씨는 좀비가 되어 사람들을 죽이고 다니게 된다.",,,,,,,,,,,,,1,game over(아이파크몰 봉쇄 엔딩),130,,,,
59,,59.jpg,8,,-1,,,,,,,,-1,-1,-1,-1,-1,-1,-1,6,"생닭을 마저 먹고 다시 아래 층으로 내려 가야겠다고 생각한 나는
허기짐이 약간 해소됐다는 것을 느낄 수 있었다.",“생! 닭! 먹! 고! 싶! 다!”,그 아저씨를 살려 보낸 나는 생닭이라도 빨리 먹고 싶어했다.,“근데 왜 생닭이지..?”,"나는 점점 내가 정신적으로이상해지고 있다고 느꼈다.
평소에 먹지도 않았던 생닭을.. 먹다니..",“… 얼른.. 동생에게 가야겠다..”,,,,,,,,0,,64,,,,
60,,60.jpg,16,,-1,,,,,,,,-1,-1,-1,-1,-1,-1,-1,6,“고.. 맙습니다..”,언어도 어느 정도 구사할 수 있게 되었다. 그러자 할아버지는,"“이건.. 응급처치라네.. 이 주사기를 12시간 간격으로 또 맞지 않으면 다시 정신을 잃게 될 거야..
보아하니.. 이렇게까지 진행이 느린 이유는 강한 의지력 덕분인 것 같은데 잘 되길 바랄 뿐일세”","할아버지는 나의 고맙다는 인사도 받지 않고 떠났다.
나는 지금도 울리고 있는 좀비 관련 방송 소리에 어떻게 1층으로 내려갈지 고민 중이었다. 
내가 정신을 잃었던 시간 동안 이미 웬만한 입구들은 봉쇄가 됐을 것이다.",“어쩌지...”,"나는 주사를 맞긴 했지만 이 주사는 정신적 진행만 늦출 뿐
신체 진행에 따른 신체의 부패는 계속 진행 될 것이라 생각했기에 마음이 급해졌다.",그러다 문득 떠올린 1층으로 갈 단 하나의 방법..,,,,,,,2,1층 중앙에 있는 분수,66,2층 창문,67,,
61,,61.jpg,7,,-1,,,,,,,,-1,-1,-1,-1,-1,-1,-1,3,할아버지를 물어 뜯으려 다가가자. 할아버지는 표정이 변하면서 말했다.,"""내가 <행복 연구소> 에 있었던 연구원이라네.
자네 같은 좀비들은 이 주사기 하나면 죽일 수 있지.. 도와주려고 했더니.. 안타깝군..""",할아버지는 주사기를 내 팔에 꽂았고 그대로 나는 정신을 잃고 쓰려졌다.,,,,,,,,,,,1,game over(할아버지 엔딩),131,,,,
62,,62.jpg,8,,-1,,,,,,,,-1,-1,-1,-1,-1,-1,-1,5,"그러자 화장품 가게로 사람들이 점점 몰려오기 시작했는데.. 
나는 급히 오른쪽 눈을 챙기고 도망쳤다. 하지만.. 
아이파크 몰 내 스피커를 통해","“2층에서 20대로 보이는 좀비 의심자가 발견됐습니다! 
혹시라도 화장한 20대 남성에게서 진한 향수 냄새가 난다면 바로 관리센터로 신고해주세요!”",이상한 내용의 방송이 계속 들려왔다. 이제 일반적인 경로로는 1층에 갈 수 없게 됐다.,‘...’,점점 사고가 희미해진다.. 아무 생각도.. 내가.. 누구인지도.. 점점 잊게 된다..,,,,,,,,,0,,68,,,,
63,,63.jpg,7,,-1,,,,,,,,-1,-1,-1,-1,-1,-1,-1,1,"메이크업을 해준 직원도 물고. 옆에 지나가던 손님도 물고. 달려오는 경비도 물었다. 
쾌감이 일었고 갈증이 해소되며 미친듯이 물어제꼈다.
결국 점점 좀비들은 많아지고 아이파크 몰은 좀비랜드가 되었다.",,,,,,,,,,,,,1,game over(아이파크몰 봉쇄 엔딩),130,,,,
64,,64.jpg,8,,-1,,,,,,,,-1,-1,-1,-1,-1,-1,-1,4,"헤그리드를 닮은 아저씨가 준 생닭을 마저 먹고 계단을 통해 5층으로 내려가자
5층에서 4층으로 내려가는 계단을 어떤 아저씨가 막고 있었다. 아저씨는","""여기 시설공사 중이에요. 에스컬레이터를 이용하시거나 엘리베이터를 사용해주세요“","나는 얼른 동생에게 가야 했기에 순간 아저씨를 죽이고 내려가야 되나? 고민을 했다. 하지만..
‘그럼 나는 살인자로.. 동생을 만나게 되겠지?‘라고 생각을 하게 되어 
아무리 바쁘더라도 에스컬레이터를 찾아 내려가기로 결심한 나는","최대한 달려 에스컬레이터가 보이는 곳으로 달려가려다..
쥐에게 물렸던 오른발목이 욱신거려 다시 천천히 걸어갔다.",,,,,,,,,,0,,65,,,,
65,,65.jpg,11,,-1,,,,,,,,-1,-1,3,4,-1,-1,-1,4,"에스컬레이터에 도착하니 검은색 후드티를 입은 꼬마아이가 있었다. 
꼬마아이는 나를 보며 신기하다는 듯이 쳐다봤다. 
그리고 꼬마아이는 나에게 이렇게 말했다.",“아저씨 피부는 왜 그렇게 하얘요?”,“...”,"나는 꼬마아이의 물음에 대답을 안하고
그저 에스컬레이터가 얼른 4층에 도착하길 바라고 있었다.",,,,,,,,,,0,,71,,,,
66,,66.jpg,16,,-1,,,,,,,,-1,-1,-1,-1,3,-1,2,5,‘1층에 있는.. 분수.. 거기로 뛰어내리자’,"나는 중간에 뚫려 있는 구조물을 보며 
저쯤 분수가 있었던 것 같다는 예측만으로 달려가몸을 날렸다. 그리고....",!!!!!!!!!!!!,풍덩~,"신체가 물에 닿자 썩은 살이 여기저기 찢어지고 머리카락은 전부 벗겨졌지만
다행히... 분수가 깊어 살았다.. 아니 좀비라서 그런 건가?
어쨌든 나는 금방 쫓아올 경비원들과 경찰들 연구원들을 생각하며
얼른 동생이 있을 키즈 카페로 향했다.",,,,,,,,,1,키즈카페 문을 연다.,72,,,,
67,,67.jpg,16,,-1,,,,,,,,-1,-1,-1,-1,-1,-1,-1,1,"그래! 여긴 2층 높이고 난 좀비화가 진행 중인 몸이다.
어쩌면... 나는... 뛰어 내려도 죽지 않을지 몰라!
이런 몸을 이용해보자!
밖으로 뛰어내린 다음. 키즈카페 정문으로 들어가는 거야!!",,,,,,,,,,,,,1,뛰어 내리기를 누른다.,73,,,,
68,,68.jpg,17,,-1,,,,,,,,-1,-1,8,9,-1,-1,-1,9,‘...’,시간이 얼마나 지났을까?,“이봐 자네! 혹시 좀비인가?”,"나는 목소리가 들려오는 쪽으로 고개를 돌렸다.
그러자 보이는 오른쪽 눈이 탁해진 할아버지가 보였다.",“말을 못하게 된 건가.. 어느 정도 진행된 거 지?”,할아버지는 나를 계속 쳐다봤다. 그리고..,“후.. 그래도 아직 나를 안 무는 것을 보면 다행히 살인은 아직 안한 거 같고 가능성은 있겠어..”,"그리고 나서 어떤 주사기를 나에게 꽂았다. 
할아버지의 누르는 힘이 주사기 너머로 느껴지는 것 같았다. 
잠시 후 나는 점점 정신이 돌아왔다.",그리고..,,,,,2,감사 인사를 한다.,69,할아버지를 물어뜯는다.,70,,
69,,69.jpg,16,,-1,,,,,,,,-1,-1,-1,-1,-1,-1,-1,7,“고.. 맙습니다..”,언어도 어느 정도 구사할 수 있게 되었다. 그러자 할아버지는,"“이건.. 응급처치라네.. 이 주사기를 12시간 간격으로 또 맞지 않으면 다시 정신을 잃게 될 거야..
보아하니.. 이렇게까지 진행이 느린 이유는 강한 의지력 덕분인 것 같은데 잘 되길 바랄 뿐일세”","할아버지는 나의 고맙다는 인사도 받지 않고 떠났다.
나는 지금도 울리고 있는 좀비 관련 방송 소리에 어떻게 1층으로 내려갈지 고민 중이었다. 
내가 정신을 잃었던 시간 동안 이미 웬만한 입구들은 봉쇄가 됐을 것이다.",“어쩌지...”,"나는 주사를 맞긴 했지만 이 주사는 정신적 진행만 늦출 뿐
신체 진행에 따른 신체의 부패는 계속 진행 될 것이라 생각했기에 마음이 급해졌다.",그러다 문득 떠올린 1층으로 갈 단 하나의 방법..,,,,,,,0,,74,,,,
70,,70.jpg,7,,-1,,,,,,,,-1,-1,-1,-1,-1,-1,-1,3,할아버지를 물어 뜯으려 다가가자. 할아버지는 표정이 변하면서 말했다.,"""내가 <행복 연구소> 에 있었던 연구원이라네.
자네 같은 좀비들은 이 주사기 하나면 죽일 수 있지.. 도와주려고 했더니.. 안타깝군..""",할아버지는 주사기를 내 팔에 꽂았고 그대로 나는 정신을 잃고 쓰려졌다.,,,,,,,,,,,1,game over(할아버지 엔딩),131,,,,
71,,71.jpg,11,,-1,,,,,,,,-1,-1,2,4,-1,-1,-1,4,4층에 도착하니 머릿속에서 자꾸 피를 먹으라는 듯한 음성이 들려왔다.,‘피를..먹어라.. 피를 먹어야 한다..사람의..피를.. 너가.. 살려면..’,이 음성이 계속 머릿속에서 맴돌고 있었다.,나는 이 말을 따라야 할까?,,,,,,,,,,2,따른다.,75,안 따른다.,76,,
72,,72.jpg,12,,-1,,,,,,,,-1,-1,-1,-1,-1,-1,-1,3,"키즈카페에 도착하자 내 모습을 보고 놀란 수많은 어린이들의 비명소리 울음소리
그리고 키즈카페 관리자가 바로 신고하는 모습을 보고 듣게 되었다.","""으아앙....꺄아아아!! 흐아아앙.. 엄마...""","아이들의 울음소리와 관리자가 나에게 나가라고 소리치고 있는 와중에 나는 딱 한쪽만을 바라봤다. 
바로 내 동생이 있는 자리.. 
내 동생은 나를 보곤 놀랐다거나 반긴다거나 울지도 않으며 아무런 반응도 하지 않았다.
그래서 나는 동생을 바라보며 말했다.",,,,,,,,,,,1,동생을 누른다.,77,,,,
73,,73.jpg,7,,-1,,,,,,,,-1,-1,-1,-1,3,-1,2,3,으.... 으아아악!!!!!!!!!!!!!!!!!!!!!!!!!!!!!!!,퍽- 콰직-,시멘트로 정확히 떨어진 나는 산산 조각이 나서 머리가 터지고 말았다.,,,,,,,,,,,1,game over(토막난 좀비),132,,,,
74,,74.jpg,7,,-1,,,,,,,,-1,-1,-1,-1,3,-1,2,5,‘1층에 있는.. 분수.. 거기로 뛰어내리자’,"나는 중간에 뚫려 있는 구조물을 보며 
저쯤 분수가 있었던 것 같다는 예측만으로 달려가몸을 날렸다. 그리고....",!!!!!!!!!!!!,풍덩~,"신체가 물에 닿자 썩은 살이 여기저기 찢어지고 머리카락은 전부 벗겨졌지만
다행히... 분수가 깊어 살았다.. 아니 좀비라서 그런 건가?
어쨌든 나는 금방 쫓아올 경비원들과 경찰들 연구원들을 생각하며
얼른 동생이 있을 키즈 카페로 향했다.",,,,,,,,,0,,78,,,,
75,,75.jpg,8,,-1,,,,,,,,-1,-1,-1,-1,-1,-1,-1,5,"나는 이 말을 따라 무의식적으로 4층에 있는 헌혈센터로 이동하게 된다. 
헌혈센터에 도착하니 헌혈 안내원이 나에게 헌혈하러 오셨냐고 물었다. 
그러자 나는..",“아뇨... 피... 피를.. 주세요...”,안내원에게 말했지만 안내원은,“죄송하지만.. 저희가 피를 맘대로 줄 수가 없어요.. 무슨 사정이신지 몰겠지만 죄송합니다..”,그래서 나는.. 결국,,,,,,,,,2,헌혈팩을 포기한다.,80,헌혈팩을 훔친다.,81,,
76,,76.jpg,16,,-1,,,,,,,,-1,-1,-1,-1,-1,-1,-1,2,"점점 힘이 없어진다...
모든 세상이 흑백으로 보인다...","좀비화가 너무 빨리 진행되는 것 같다..
근데 이상하다..
...
아무나... 물어 뜯고 싶다.....",,,,,,,,,,,,1,화살표를 누른다.,82,,,,
77,,77.jpg,6,,-1,,,,,,,,-1,-1,-1,-1,-1,-1,-1,2,"이....럴..수....가....!!!!...
동생이........ 내 동생 연이가.......
좀비가 되어 버리고 말았다..
키즈 카페에 이미 좀비 의심자가 있을 거라고는 생각지 못했다..","아 설마 그 쥐한테 물린 건가..?
연이가 좀비로 변했다면 나는... 
더 이상 살아갈 이유가 없다..",,,,,,,,,,,,1,화살표를 누른다.,83,,,,
78,,78.jpg,12,,-1,,,,,,,,-1,-1,-1,-1,-1,-1,-1,3,"키즈카페에 도착하자 내 모습을 보고 놀란 수많은 어린이들의 비명소리 울음소리
그리고 키즈카페 관리자가 바로 신고하는 모습을 보고 듣게 되었다.","""으아앙....꺄아아아!! 흐아아앙.. 엄마...""","아이들의 울음소리와 관리자가 나가라고 소리치는 소리를 듣고 있는 와중에 나는 딱 한쪽만을 바라봤다. 
바로 내 동생이 있는 자리.. 
내 동생은 나를 보곤 놀랐다거나 반긴다거나 울지도 않으며 아무런 반응도 하지 않았다.
그래서 나는 동생을 바라보며 말했다.",,,,,,,,,,,1,동생을 누른다.,79,,,,
79,,79.jpg,6,,-1,,,,,,,,-1,-1,-1,-1,-1,-1,-1,8,"""오빠 돌아왔어.. 근데 금방 다시 멀리 가야 할 거 같아..""","""오빠.. 잠시 일하러 멀리 다녀오는 거야. 그동안 혼자 잘 지내고 있을 수 있지?""",“오빠 빨리 다녀올 테니까. 꾹 참고 잘 지내고 있어야 해 알겠지?”,“약속이야..”,"나는 동생에게 말을 전한 후. 스스로 놀이방 밖으로 나갔다. 그러자.. 
뒤늦게 동생은 울며 나에게 이렇게 말했다.",“.. 오빠!!!! 빨리 와야 해!! 알았지..??”,"연구원들과 경찰들에게 연행되는 나는 미소를 지었다. 
그리고 속으로 이렇게 말했다.",‘그래.. 꼭..’,,,,,,1,연구소 문을 누른다.,84,,,,
80,,80.jpg,7,,-1,,,,,,,,-1,-1,1,2,-1,-1,-1,4,하아..하아...피냄새..하아...하..',"나는 헌혈센터에서 풍기는 피냄새에 이성을 잃고 말았다.
바로 앞에 있는 직원의 목을 나도 모르게 물고 말았고.
사람의 맛을 본 나는 더 흥분하여 허겁지겁 살을 물어 뜯었다.",맛있는 거 옆에 맛있는 거..',"이미 이성을 잃은 나는 헌혈센터 내부에 있는 모든 사람의 맛을 보았고
그렇게 헌혈센터는 좀비센터로 변했다.",,,,,,,,,,1,game over(아이파크몰 봉쇄),130,,,,
81,,81.jpg,8,,-1,,,,,,,,-1,-1,-1,-1,3,-1,-1,3,"그래서 나는.. 결국 멋대로 헌혈센터에 들어가 보이는 
헌혈 팩 중 하나를 훔쳐 달아났다. DDR을 배웠던 덕인가?
나는 날쎄게 헌혈팩을 훔칠수 있었다.","그리고 계단으로 이동하여 몰래 헌혈 팩에 든 피를 조금씩 마셨다.
피를 조금씩 마시자 정신이 조금 맑아지는 것을 느낀 나는..","사람의 피를 마셨다는 것에 구역질을 했다. 
그러자 바닥에 보이는 검붉은 피.. 
‘나는.. 점점 좀비가 되어가고 있는 건가.. 얼른 동생에게 가야겠다. ' 라고 생각했다. 
독하게 정신을 유지하며 동생이 있을 1층으로 가기 위해 3층으로 이동했다.",,,,,,,,,,,2,3층으로 내려간다.,47,5층으로 올라간다.,85,,
82,,82.jpg,7,,-1,,,,,,,,-1,-1,-1,-1,-1,-1,-1,1,"정신 차리고 보니 난 어떤 아저씨의 팔을 물어 뜯고 있었다.
아비규환이 된 쇼핑몰 안에서 연구원들과 경찰들이 나를 향해 뛰어온다.",,,,,,,,,,,,,1,game over(연구소 엔딩),119,,,,
83,,83.jpg,6,,-1,,,,,,,,-1,-1,2,3,-1,-1,-1,3,"점점 좀비화 진행이 빨라지는 것 같다.
모든 시선이 흑백으로 변했다.","사람들을 향해 돌진 하려는 연이를 꼭 껴안았다.
연이가 발버둥을 쳐도 꽉 껴안고 놔주지 않았다.
연구소 사람들이 오는 소리가 들린다..",연이야.. 조금만 참아…,,,,,,,,,,,1,연구소 문을 누른다.,86,,,,
84,,84.jpg,4,,-1,,,,,,,,-1,-1,-1,-1,-1,-1,-1,6,"연구소에 도착하자 연구소 직원들은 고깃덩이를 감별하듯
아래 위로 훑으며 나를 쳐다봤다.
간간히 서류에 어떤 체크도 하는 것 같았다.","""안녕하세요 좀비 바이러스 의심자 0001. 여기는 <행복 연구소> 입니다.
저희는 <행복 연구소>에서 일하는 연구원들이구요.
혹시 저희한테 주실 서류 같은 게 있나요?""",연구소 직원 중 한 명이 조금 싸늘하지만 친절한 말투로 물어봤다.,"""아뇨. 서류는 가지고 있지 않고 연구소에 오면 사람으로 만들어 주신다는 이야기를 듣고 찾아왔어요!""",그러자 연구소 직원들은 음흉하게 웃으며,"""잘 찾아오셨어요. 이쪽으로 오세요.""",,,,,,,,1,따라 들어간다를 누른다.,87,,,,
85,,85.jpg,8,,-1,,,,,,,,-1,-1,-1,-1,-1,-1,-1,3,에스컬레이터를 이용해 5층으로 다시 올라가 보자고 생각했다.,‘좀비에 대한 모든 것이라는 책을 쓴 저자의.. 의혹이 맞다면....안..돼..’,"정신이 조금 맑아지자 어떻게든 치료 방법을 찾거나 어떤 방법을 찾아야만 한다고 생각했다. 
연구소를 믿을 수 없게 된 것이다.",,,,,,,,,,,0,,88,,,,
86,,86.jpg,6,,-1,,,,,,,,-1,-1,-1,-1,-1,-1,-1,4,"연구소 바닥이 모두 빨갛다
누군가의 피인지도 모른다.",연이의 피일까..? 내 피인가..?,나와 연이는 연구소 사람들에 의해 무참히 연구당한다..,"생각을 멈춘 채로 영원히..
.
.
.",,,,,,,,,,1,sad ending1(연이와 같이 연구소),133,,,,
87,,87.jpg,6,,-1,,,,,,,,-1,-1,-1,-1,-1,-1,-1,7,쉬이이이익-!',"갑자기 연구소 내부에서 이상한 가스가 나오기 시작한다.
나는 정신이 몽롱해지며 내 시야에는 이미 방독면을 쓴 연구원들이 보인다.","""이..이게 무슨..""",".
.
.
몇시간이 흘렀을까..","정신을 차려보니 나는 차가운 침대에 팔다리가 묶인 채로 누워있었다.
그리고 연구원들은 나의 살을 찢고 피를 뽑고 주사기 같은걸 꼽고 있었다.
묻고 싶은 건 많았지만. 지능이 퇴화된 탓인지 아무 말도 나오지 않았고.
나는 영문도 모른 채 살이 찢겨졌다.","고통도.. 생각도 잃은지 오래다.
그렇게 나는 몇년이 흐른지도 모른 채 계속 실험당했다. 
아무런 생각도 하지 못한 채로..",영원히..,,,,,,,1,sad ending2(연구소 실험 쥐 ),134,,,,
88,,88.jpg,8,,-1,,,,,,,,-1,-1,-1,-1,-1,-1,-1,6,5층에 도착하자. 왜인지 아까 왔을 때와 다르게 많이 소란스러웠다.,뭐지..?',"나는 호기심에 사람이 많이 모여 있는 곳으로 계속 걷다보니 
누군가 고객센터 직원과 싸우고 있는 모습이 보였다.","""아니 내말은 말야~~~~~~~~어이고~~이 아가씨 말이 안 통하네~~~~!""",누군가가 고객센터 직원을 상대로 많이 답답해하는 모습을 보고,나는...,,,,,,,,2,무시하고 그냥 간다.,90,혹시 무슨 일이신가요?,89,,
89,,89.jpg,8,,-1,,,,,,,,-1,-1,-1,-1,-1,-1,-1,6,“혹시 무슨 일이신가요?”,평소 호기심 많았던 나는 그냥 궁금해서 물어봤던 것이었다. 그런데..,"""내가 웅변 관련된 책을 찾고 있는데...!
고객센터 직원이 못 알아듣고 그런 책이 없다 그러잖아~!""",음..? 뭔가 내가 읽었었던 기억이 나는데? 나는 무슨 책인지 물어봤다.,"""저자가 코끼리랑 말할 수 있는 내용의 책 말이야!!!
근데 고객센터 직원이 못 알아듣고 그런 책이 없다 그러잖아~! 파는 거 뻔히 알고 왔는데!""","나는 이 사람의 말을 듣고 아까 읽었던 
《웅변 나도 말 잘할 수 있어!》라는 책이 떠올라 고객센터 직원에게 대신 얘기해줬다.",,,,,,,,1,대신 이야기한다.,91,,,,
90,,90.jpg,16,,-1,,,,,,,,-1,-1,-1,-1,-1,-1,-1,4,"나는 지금도 울리고 있는 좀비 관련 방송 소리에 
어떻게 1층으로 내려갈지 고민 중이었다. 
내가 정신을 잃었던 시간동안 이미 웬만한 입구들은 봉쇄가 됐을 것이다.",“어쩌지...”,"나는 주사를 맞긴 했지만 정신을 잃기 전 
시간이 12시간일 뿐이지 좀비 진행에 따른 신체 부패는 
계속 진행 될 것이라 생각했기에 마음이 급해졌다.",그러다 문득 떠올린 1층으로 갈 단 하나의 방법..,,,,,,,,,,2,1층 중앙에 있는 분수,92,2층 창문,93,,
91,,91.jpg,8,,-1,,,,,,,,-1,-1,-1,-1,-1,-1,-1,6,“아? 이해했어요! 바로 준비해 드릴게요 잠시만요!”,"고객센터 직원은 나의 웅변에 감탄하며 곧바로 무언가를 열심히 작성하고 있었다.
역시 그때 읽은 《웅변 나도 말 잘할 수 있어!》 책이 도움이 되었다.",“오~!!! 정말 고맙네!! 어엇? 아니.. 자네.. 좀 이상한데? 일로 좀 와보게!”,감탄과 고마움을 동시에 표현한 이 사람은 나를 조용한 곳으로 불렀다.,"“혹시.. 자네 좀비인가..? 아직 퇴화가 완전히 진행되지 않았나 보군! 아아 그래도 놀라워! 
아직까지 정신을 놓지 않고 있다는 게.. 꼭 인간이 될 이유라도 있는 건가?”",내가 놀라서 아무 대답을 하지 않자 이 사람은 계속 말을 이어갔다.,,,,,,,,1,계속 이어간다.,94,,,,
92,,92.jpg,16,,-1,,,,,,,,-1,-1,-1,-1,4,0,3,5,‘1층에 있는.. 분수.. 거기로 뛰어내리자’,"나는 중간에 뚫려 있는 구조물을 보며 
저쯤 분수가 있었던 것 같다는 예측만으로 달려가몸을 날렸다. 그리고....",!!!!!!!!!!!!,풍덩~,"신체가 물에 닿자 썩은 살이 여기저기 찢어지고 머리카락은 전부 벗겨졌지만
다행히... 분수가 깊어 살았다.. 아니 좀비라서 그런 건가?
어쨌든 나는 금방 쫓아올 경비원들과 경찰들 연구원들을 생각하며
얼른 동생이 있을 키즈카페로 향했다.",,,,,,,,,1,키즈카페 문을 연다.,95,,,,
93,,93.jpg,16,,-1,,,,,,,,-1,-1,-1,-1,-1,-1,-1,1,"그래!
여긴 2층 높이고 난 좀비화가 진행 중인 몸이다. 어쩌면... 나는... 
뛰어 내려도 죽지 않을지 몰라! 이런 몸을 이용해보자!
밖으로 뛰어내린 다음. 키즈카페 정문으로 들어가는 거야!!",,,,,,,,,,,,,1,뛰어 내리기를 누른다.,96,,,,
94,,94.jpg,8,,-1,,,,,,,,-1,-1,-1,-1,-1,-1,-1,7,"“뭐 그런 건 필요 없고! 신세를 졌으니 자네에게 보답을 하고 싶네! 
원래 난 이런 거 잘 안 작성해주는데 자네 운 좋은 줄 알게! 
내가 연구소에서 큰 힘이 있는 사람이걸랑!”",이 사람은 무언가를 적고 있었다.,‘연구소??’,"나는 이 사람의 말에 순간 뭔가 싶었다.
연구소면.. 계속 자신을 잡아가려고 하는 집단인데.. 
좀비인 것을 알고 나서도.. 보답을 하고 싶다고?","뇌가 점점 퇴화되고 있어서 그런지 
다시 논리적인 사고가 거의 불가능하게 된 거처럼 머리가 복잡했다. 하지만..",“연구소에 가게 된다면 이걸 직원에게 보여주면서 오박사의 추천서라고 하면 된다네!”,"나는 오박사의 추천서를 받으며 얼떨떨해 하는 반면
오박사는 그저 허허 웃으며 고마웠네! 라고 말한 후 엘리베이터를 타고 6층으로 이동했다.
얼떨결에 목적을 달성한 나는 다시 에스컬레이터를 이용해 4층으로 이동했다.",,,,,,,1,4층으로 이동,97,,,,
95,,95.jpg,12,,-1,,,,,,,,-1,-1,-1,-1,-1,-1,-1,3,"키즈카페에 도착하자 내 모습을 보고 놀란 수많은 어린이들의 비명소리 울음소리
그리고 키즈카페 관리자가 바로 신고하는 모습을 보고 듣게 되었다.","""으아앙....꺄아아아!! 흐아아앙.. 엄마...""","아이들의 울음소리와 관리자가 나가라고 소리치는 소리를 듣고 있는 와중에 나는 딱 한쪽만을 바라봤다. 
바로 내 동생이 있는 자리.. 
내 동생은 나를 보곤 놀랐다거나 반긴다거나 울지도 않으며 아무런 반응도 하지 않았다.
그래서 나는 동생을 바라보며 말했다.",,,,,,,,,,,1,동생을 누른다.,98,,,,
96,,96.jpg,7,,-1,,,,,,,,-1,-1,-1,-1,3,0,2,3,으.... 으아아악!!!!!!!!!!!!!!!!!!!!!!!!!!!!!!!,퍽- 콰직-,"시멘트로 정확히 떨어진 나는
산산 조각이 나서 머리가 터지고 말았다.",,,,,,,,,,,1,game over(토막난 좀비),132,,,,
97,,97.jpg,8,,-1,,,,,,,,-1,-1,-1,-1,-1,-1,-1,2,"4층에 도착했더니 나의 오른 다리가..떨어져 나갔다.
하지만 원래 나의 오른 다리가 아니었던 것처럼 
오른 다리가 나에게서 떨어졌는데도 어떠한 고통도 느껴지지 않았다..","시야가 흐려졌다.. 점점 흑백으로 변한다..
이때 한 여성이 다가와 나에게 말을 걸었다. 
 “으... 썩은 내가 저쪽까지 풍겨요.. 제발 이런 곳 오실 때는 좀 씻고 오세요.. 
으..아니면 2층에서 향수라도 뿌리던가..”라고 말한 후",코막고 에스컬레이터를 타고 4층을 내려가는 여성을 보며,,,,,,,,,,,2,죽일까?,99,참자...,100,,
98,,98.jpg,16,,-1,,,,,,,,-1,-1,-1,-1,-1,-1,-1,12,"""오빠 돌아왔어.. 근데 금방 다시 멀리 가야 할 거 같아..""","""오빠.. 잠시 일하러 멀리 다녀오는 거야. 
그동안 혼자 잘 지내고 있을 수 있지?""","""응.. 연이가 10(열) 밤만 자면 오빠 와?""","""아니 그거보다는 조금 더...""","""그럼 연이가 20(스무) 밤만 세면 올거야?""","""... 오빠 빨리 다녀올게. 그러니까 연이 꾹 참고 잘 지내고 있어야 해 알겠지?""","""약속이야..""",나는 동생에게 말을 전한 후. 스스로 키즈카페 밖으로 나갔다.,그러자.. 뒤늦게 동생은 울며 나에게 이렇게 말했다.,"""오빠!!!!!! 연이가 100번만 자면 올거지???""","연구원들과 경찰들에게 연행되는 나는 미소를 지었다 그리고
속으로 이렇게 말했다.",그래... 꼭...',,1,연구소 문을 누른다.,101,,,,
99,,99.jpg,7,,-1,,,,,,,,-1,-1,-1,-1,-1,-1,-1,1,"나는 순간적인 살인 충동으로 그 여자의 목덜미를 물었다.
그 여자는 물린 채로 나를 에스컬레이터에서 밀었고.
그렇게 여자랑 나는 사이좋게 에스컬레이터에서 추락했다.",,.,,,,,,,,,,,1,game over(에스컬레이터에서 여자와 추락),127,,,,
100,,100.jpg,8,,-1,,,,,,,,-1,-1,-1,-1,-1,-1,-1,5,"이성을 잃고 저 여성을 죽일까? 생각했다.. 
하지만 자신의 분노 때문에 여성을 살인하여 살인자가 됐을 때 
동생에게 어떠한 해를 끼칠까 걱정되어","참..자..'라고 속으로 세 번만 외치고 2층으로 바로 내려갔다.
아직은 정신이 멀쩡한 것 같았다..","2층에 도착하자 방금 전 여성이 말했던 향수가 떠올라 
동생을 만나기 전 몸 냄새를 어느 정도 지워야겠다고 생각한 나는 
뷰티 코너에 있는 향수 가게에 가서 향수를 하나 구매하려고 했다. 
하지만.. 향수 가게의 직원이 나에게 다가와 먼저 말을 걸었다.","""혹시 향수 시향 한번 해보시겠어요? 뿌려드릴까요?""",그래서 나는..,,,,,,,,,2,네 뿌려주세요,103,아니요 괜찮아요,104,,
101,,101.jpg,4,,-1,,,,,,,,-1,-1,-1,-1,-1,-1,-1,3,"연구소에 도착하자 연구소 직원들은 고깃덩이를 감별하듯
아래위로 훑으며 나를 쳐다봤다.
간간히 서류에 어떤 체크도 하는 것 같았다.","""안녕하세요 좀비 바이러스 의심자 0001. 여기는 <행복 연구소> 입니다.
저희는 <행복 연구소>에서 일하는 연구원들이구요.
혹시 저희한테 주실 서류 같은 게 있나요?""","연구소 직원 중 한 명이 조금 싸늘하지만 친절한 말투로 물어봤다.
그러자 나는 딱히 드릴 추천서가 없다고 했다.

그러자....",,,,,,,,,,,1,2년 후를 누른다.,102,,,,
102,,102.jpg,6,,-1,,,,,,,,-1,-1,-1,-1,-1,-1,-1,3,"알고 보니 좀비 인간화 연구에 성공한
백신의 양은 굉장히 적었고. 더욱 완벽한 백신을 만들기 위해
아직도 실험을 하고 있었다.","""...""","나는 실험 쥐처럼 영원히 몇 년 동안 실험을 당하게 된다.
지능이 없어져 어떠한 생각도 할 수 없어진 채로..
영원히..",,,,,,,,,,,1,sad ending3(연구소 실험 쥐2),136,,,,
103,,103.jpg,8,,-1,,,,,,,,-1,-1,-1,-1,-1,1,4,6,"""ㄴ..ㅔ""",점점 언어능력이 떨어지고 있는 것 같았다.,이러다가는... 동생을.. 만나도.. 말을 못 전하겠.. 는.. 데..',"라고 생각한 나는 얼른 1층에 있을 동생을 만나러 가기 위해 직원에게
급하게 허리를 꾸벅 숙이며 감사 인사를 했지만..
오른쪽 눈이 떨어졌다..!",꺄아아아악!!!!!!!!,"바닥에 떨어진 나의 오른쪽 눈을
본 직원은 비명을 질렀다.
그러자 화장품 가게로 사람들이 점점 몰려오기 시작했는데..",,,,,,,,2,다 전염시켜 버리자.,105,도망가자.,106,,
104,,104.jpg,8,,-1,,,,,,,,-1,-1,-1,-1,-1,-1,-1,6,"""엄마 저 사람한테서 시체 썩은 냄새가 나요!""","지나가던 아이가 외쳤다.
아이의 엄마는 화들짝 놀라며 허겁지겁 핸드폰을 꺼내는 모습이다.
직원도 그제서야 이상하다는 낌새를 느끼며 매장 내에 있던 비상벨을
눌렀다.",잠.,시.,후,경찰과 연구원들이.. 몰려들었다..,,,,,,,,1,game over(연구소 엔딩),121,,,,
105,,105.jpg,7,,-1,,,,,,,,-1,-1,1,1,-1,-1,-1,1,"메이크업을 해준 직원도 물고. 옆에 지나가던 손님도 물고. 달려오는 경비도 물었다. 
쾌감이 일었고 갈증이 해소되며 미친듯이 물어제꼈다.
결국 점점 좀비들은 많아지고 아이파크 몰은 좀비랜드가 되었다.",,,,,,,,,,,,,1,game over(아이파크몰 봉쇄),130,,,,
106,,106.jpg,8,,-1,,,,,,,,-1,-1,-1,-1,-1,-1,-1,9,"나는 급히 오른쪽 눈을 챙기고 도망쳤다. 하지만.. 백화점
내 스피커를 통해","""2층에서 20대로 보이는 좀비가 발견됐습니다! 혹시라도 20대 남성에게서 진한 향수 
냄새가 난다면 바로 관리센터로 신고해 주세요!""","이상한 내용의 방송이 계속 들려왔다.
이제 일반적인 경로로는 1층에 갈 수 없게 됐다.",...',점점 사고가 희미해진다..,아무 생각도...,내가...,누구인지도..,점점 잊게 된다..,,,,,1,도망가자,107,,,,
107,,107.jpg,17,,-1,,,,,,,,-1,-1,8,8,-1,0,4,9,...',시간이 얼마나 지났을까?,"""이봐 자네! 혹시 좀비인가?""","나는 목소리가 들려오는 쪽으로 고개를 돌렸다. 그러자..
오른쪽 눈이 탁해진 할아버지가 희미하게 보였다.","""말을 못하게 된 건가..? 어느 정도 진행된 거 지?""",할아버지는 나를 계속 쳐다봤다. 그리고..,"""후.. 그래도 아직 나를 안 무는 것을 보면 다행히 살인은 안 한 거 같고 가능성은 있겠어..""","라고 말하며 어떤 주사기를 나에게 꽃았다.
할아버지의 누르는 힘이 주사기 너머로 느껴지는 것 같았다.
잠시 후 
나는 점점 정신이 돌아왔다.",그리고..,,,,,2,할아버지를 잡아먹는다.,108,고맙다고 인사한다.,109,,
108,,108.jpg,7,,-1,,,,,,,,-1,-1,-1,-1,-1,-1,-1,3,"할아버지를 물어 뜯으려 다가가자. 인자하던 할아버지의 표정이 싸늘하게 변했다. 
그리고..","""내가 <행복 연구소> 에 있었던 연구원이라네. 자네 같은 좀비들은 이 주사기 하나면 
죽일 수 있지.. 도와주려고 했더니.. 안타깝군..""",할아버지는 주사기를 내 팔에 꽂았고 그대로 나는 정신을 잃고 쓰러졌다.,,,,,,,,,,,1,game over(할아버지 엔딩),131,,,,
109,,109.jpg,16,,-1,,,,,,,,-1,-1,-1,-1,-1,-1,-1,7,"""고.. 맙습니다..""",언어도 어느 정도 구사할 수 있게 되었다. 그러자 할아버지는,"""이건.. 응급처치라네.. 이 주사기를 12시간 간격으로 또 맞지 않으면 
다시 정신을 잃게 될 거야.. 보아하니.. 살아가는 어떤 이유가 있는 것 
같은데 잘 되길 바랄 뿐일세.. 참! 오른쪽 발목이 없던데""",툭! 툭!,할아버지는 텅 비어 있어야 할 나의 오른쪽 발목을 두드리며 말했다.,"""정말 중요한 순간에 뛸 수는 있어야 하지 않겠어?""","라고 말한 후 
할아버지는 나의 고맙다는 인사를 받지 않고 떠났다.",,,,,,,1,다음으로 이동,110,,,,
110,,110.jpg,16,,-1,,,,,,,,-1,-1,-1,-1,-1,-1,-1,4,"나는 지금도 울리고 있는 좀비 관련 방송 소리에
어떻게 1층으로 내려갈지 고민 중이었다.
내가 정신을 잃었던 시간동안 이미 웬만한
입구들은 봉쇄가 됐을 것이다.","""어쩌지...""","나는 주사를 맞긴 했지만 정신을 잃기 전
시간이 12시간일 뿐이지 좀비 진행에 따른 신체 부패는
계속 진행 될 것이라 생각했기에 마음이 급해졌다.",그러다 문득 떠올린 1층으로 갈 단 하나의 방법..,,,,,,,,,,3,1층 중앙에 있는 분수,111,2층 창문,112,바닥을 파자,113
111,,111.jpg,16,,-1,,,,,,,,-1,-1,-1,-1,4,0,3,5,1층에 있는.. 분수.. 거기로 뛰어내리자',"나는 중간에 뚫려 있는 구조물을 보며 
저쯤 분수가 있었던 것 같다.는 예측만으로 달려가 
몸을 날렸다. 그리고....",!!!!!,풍덩~,"신체가 물에 닿자 썩은 살이 여기저기 찢어지고 머리카락은 전부
벗겨졌지만 다행히... 분수가 깊어 살았다.. 아니 좀비라서 그런 건가?
어쨌든 나는 금방 쫓아올 경비원들과 경찰들 연구원들 생각하며
얼른 동생이 있을 키즈카페로 향했다.",,,,,,,,,1,키즈카페 문을 연다.,114,,,,
112,,112.jpg,16,,-1,,,,,,,,-1,-1,-1,-1,-1,-1,-1,1,"그래! 여긴 2층 높이고 난 좀비화가 진행 중이라..
어쩌면.. 나는... 뛰어 내려도 죽지 않을지 몰라!
이런 몸을 이용해 밖으로 뛰어내린 다음 정문으로 들어가는 거야!!'",,,,,,,,,,,,,1,뛰어 내리기를 누른다.,115,,,,
113,,113.jpg,7,,-1,,,,,,,,-1,-1,-1,-1,-1,-1,-1,6,"나는 빨리 내려가야 한다는 생각에 바로 발 밑에 있는 콘크리트 바닥을 손으로 뜯기 시작했다.
손끝이 찢어지고. 손톱이 뜯어지는 것도 모른 채 계속 뜯었다.
하지만 콘크리트 바닥은 뜯어질 리가 만무했고. 대신 바닥은 피로 물들어져 갔다.",그렇게 몇 초가 흘렀을까. 주변에서는,"""꺅!","좀비가 바닥을 뜯고 있어!""라는",라는 괴성이 들리기 시작했고,어느샌가 나는 연구소 직원에게 잡혀있었다.,,,,,,,,1,game over(연구소 엔딩),119,,,,
114,,114.jpg,12,,-1,,,,,,,,-1,-1,-1,-1,-1,-1,-1,3,"키즈카페에 도착하자 내 모습을 보고 놀란 수많은 어린이들의 비명소리 울음소리
그리고 키즈카페 관리자가 바로 신고하는 모습을 보고 듣게 되었다.","""으아앙....꺄아아아!! 흐아아앙.. 엄마...""","아이들의 울음소리와 관리자가 나가라고 소리치는 소리를 듣고 있는 와중에 나는 딱 한쪽만을 바라봤다.
바로 내 동생이 있는 자리..
내 동생은 나를 보곤 놀랐다거나 반긴다거나 울지도 않으며 아무런 반응도 하지 않았다.
그래서 나는 동생을 바라보며 말했다.",,,,,,,,,,,1,동생을 누른다.,116,,,,
115,,115.jpg,7,,-1,,,,,,,,-1,-1,-1,-1,-1,,1,4,으... 으아아악!!!!!!!!!!!!!!,퍽-,콰직-,시멘트로 정확히 떨어진 나는 산산조각이 나서 머리가 터지고 말았다.,,,,,,,,,,1,game over(토막난 좀비),132,,,,
116,,116.jpg,16,,-1,,,,,,,,-1,-1,-1,-1,-1,-1,-1,11,"""오빠 돌아왔어.. 근데 금방 다시 멀리 가야 할 거 같아..""","""오빠.. 잠시 일하러 멀리 다녀오는 거야. 그동안혼자 잘 지내고 있을 수 있지?""","""응.. 연이가 10(열) 밤만 자면 오빠 와?""","""아니 그거보다는 조금 더...""","""그럼 연이가 20(스무) 밤만 세면 올거야?""","""...오빠 빨리 다녀올게. 그러니까 연이 꾹 참고 잘 지내고 있어야 해 
알겠지?""","""약속이야..""","나는 동생에게 말을 전한 후 스스로 키즈카페 밖으로 나갔다.
그러자.. 뒤늦게 동생은 울며 나에게 이렇게 말했다.","""오빠!!!!! 연이가 100번만 자면 올 거 지???""","연구원들과 경찰들에게 연행되는 나는 미소를 지었다. 그리고 
속으로 이렇게 말했다.",그래.. 꼭..',,,1,연구소 문을 누른다.,117,,,,
117,,117.jpg,4,117-1.jpg,1,117-1.jpg,2,117-1.jpg,3,117-1.jpg,4,,-1,-1,-1,-1,-1,-1,-1,6,"연구소에 도착하자 연구소 직원들은 고깃덩이를 감별하듯
아래 위로 훑으며 나를 쳐다봤다.
간간히 서류에 어떤 체크도 하는 것 같았다.","""안녕하세요 좀비 바이러스 의심자 0001. 여기는 <행복 연구소> 입니다.
저희는 <행복 연구소>에서 일하는 연구원들이구요.
혹시 저희한테 주실 서류 같은 게 있나요?""","연구소 직원 중 한 명이 조금 싸늘하지만 친절한 말투로 물어봤다.
그러자 나는 고개를 끄덕이고 오박사에게 받았던 추천서를
연구소 직원에게 건네며 이렇게 말했다.","""오박사의 추천서에요""","그러자 연구소 직원들은 갑자기 매우 놀란 표정을 지으며
내 서류에 별표를 쳤다. 그러더니 갑자기 극진한 대접을 하며 이렇게 답했다.","""저희가 책임지고! 당신을! 꼭!! 사람으로 만들어 드릴게요!!
오박사님 지인이신걸 먼저 말하셨다면 이렇게 수갑도 안 채웠을 텐데...
기분 상하셨다면 죄송합니다.""",,,,,,,,1,2년 후를 누른다.,118,,,,
118,,118.jpg,5,118-2.jpg,2,118-3.jpg,3,,,,,,-1,-1,-1,-1,-1,-1,-1,3,"2 년 후
나는 인간으로 변하는데 성공했다.","군데군데 부패된 흔적들이 아직 아물지는 않았지만 점차 나아질 것이었고
조금의 테스트를 더 한 후 나는 아주 오랜만에 친척 집으로 갈 수 있게 되었다.
친척 집에 도착하고 현관문을 열자 연이가 달려 나와 나에게 안겼다.","""오빠.. 연이 100밤 넘게 셌어.. 보고 싶었어..""",,,,,,,,,,,1,happy ending,135,,,,
119,,,,,-1,,,,,,,,-1,-1,-1,-1,-1,-1,-1,1,3층으로 이동,,,,,,,,,,,,,0,,47,,,,
120,,,,,-1,,,,,,,,-1,-1,-1,-1,-1,-1,-1,1,결국 나는 동생이 있는 곳까지 가지 못하고 죽게 되었다.,,,,,,,,,,,,,1,game over(검은 화면),137,,,,
121,연구소 연행,9-4.jpg,6,,-1,,,,,,,,-1,-1,-1,-1,-1,-1,-1,0,,,,,,,,,,,,,,0,,-1,,,,
122,미친 쥐,14-2.jpg,7,,-1,,,,,,,,-1,-1,-1,-1,-1,-1,-1,0,,,,,,,,,,,,,,0,,-1,,,,
123,DDR랭킹1위,44-2.jpg,7,,-1,,,,,,,,-1,-1,-1,-1,-1,-1,-1,0,,,,,,,,,,,,,,0,,-1,,,,
124,머리 깨진 좀비,43-2.jpg,7,,-1,,,,,,,,-1,-1,-1,-1,-1,-1,-1,0,,,,,,,,,,,,,,0,,-1,,,,
125,헤그리드 닮은 아저씨,,7,,-1,,,,,,,,-1,-1,-1,-1,-1,-1,-1,0,,,,,,,,,,,,,,0,,-1,,,,
126,아줌마를 물다,,7,,-1,,,,,,,,-1,-1,-1,-1,-1,-1,-1,0,,,,,,,,,,,,,,0,,-1,,,,
127,에스컬레이터에서 여자와 추락,,7,,-1,,,,,,,,-1,-1,-1,-1,-1,-1,-1,0,,,,,,,,,,,,,,0,,-1,,,,
128,여성의 뒤돌려 차기,,7,,-1,,,,,,,,-1,-1,-1,-1,-1,-1,-1,0,,,,,,,,,,,,,,0,,-1,,,,
129,자살,,7,,-1,,,,,,,,-1,-1,-1,-1,-1,-1,-1,0,,,,,,,,,,,,,,0,,-1,,,,
130,아이파크몰 봉쇄,,7,,-1,,,,,,,,-1,-1,-1,-1,-1,-1,-1,0,,,,,,,,,,,,,,0,,-1,,,,
131,할아버지의 주사기,,7,,-1,,,,,,,,-1,-1,-1,-1,-1,-1,-1,0,,,,,,,,,,,,,,0,,-1,,,,
132,토막난 좀비,,7,,-1,,,,,,,,-1,-1,-1,-1,-1,-1,-1,0,,,,,,,,,,,,,,0,,-1,,,,
133,백/연의 백년만년,,6,,-1,,,,,,,,-1,-1,-1,-1,-1,-1,-1,0,,,,,,,,,,,,,,0,,138,,,,
134,끝없는 실험,,6,,-1,,,,,,,,-1,-1,-1,-1,-1,-1,-1,0,,,,,,,,,,,,,,0,,138,,,,
135,회귀,,5,,-1,,,,,,,,-1,-1,-1,-1,-1,-1,-1,0,,,,,,,,,,,,,,0,,138,,,,
136,나는야 실험 쥐,,6,,-1,,,,,,,,-1,-1,-1,-1,-1,-1,-1,0,,,,,,,,,,,,,,0,,138,,,,
137,검은 화면,,0,,-1,,,,,,,,-1,-1,-1,-1,-1,-1,-1,0,,,,,,,,,,,,,,0,,-1,,,,
138,credit,,0,,-1,,,,,,,,-1,-1,-1,-1,-1,0,0,0,,,,,,,,,,,,,,0,,-1,,,,
